{"cameraMode":{"drawMode":0,"name":"Shaded","section":"Shading Mode"},"sceneLighting":true,"audioPlay":false,"sceneViewState":{"showFog":true,"showMaterialUpdate":false,"showSkybox":true,"showFlares":true,"showImageEffects":true,"showParticleSystems":true},"in2DMode":false,"pivot":{"x":-0.402419775724411,"y":0.2327507734298706,"z":-0.5754460692405701},"rotation":{"x":-0.32728347182273867,"y":0.0896705910563469,"z":-0.031215768307447435,"w":-0.9401437640190125},"size":1.909610390663147,"orthographic":true}