{"cameraMode":{"drawMode":0,"name":"Shaded","section":"Shading Mode"},"sceneLighting":true,"audioPlay":false,"sceneViewState":{"showFog":true,"showMaterialUpdate":false,"showSkybox":true,"showFlares":true,"showImageEffects":true,"showParticleSystems":true},"in2DMode":false,"pivot":{"x":-0.0332421213388443,"y":-1.4292885065078736,"z":1.30857515335083},"rotation":{"x":-0.3629090189933777,"y":-0.006988712586462498,"z":0.0027216600719839336,"w":-0.9317944645881653},"size":4.098008632659912,"orthographic":false}